First Name,Last Name,Email,Postcode,City,Country
Andreas,Tomkiewicz,atomkiewicz@gmail.com,CT2 7PP,St. Stephens Ward,UK
Evan,Zigomalas,evan.zigomalas@gmail.com,HP11 2AX,Abbey Ward,UK
France,Andrade,france.andrade@hotmail.com,BH6 3BE,East Southbourne and Tuckton W,UK
Ulysses,Mcwalters,ulysses@hotmail.com,DN36 5RP,Hawerby cum Beesby,UK
Tyisha,Veness,tyisha.veness@hotmail.com,B70 9DT,Greets Green and Lyng Ward,UK
Eric,Rampy,erampy@rampy.co.uk,NN14 2GH,Desborough,UK
Marg,Grasmick,marg@hotmail.com,SO14 3TY,Bargate Ward,UK
Laquita,Hisaw,laquita@yahoo.com,NE29 7AD,Chirton Ward,UK
Lura,Manzella,lura@hotmail.com,BS16 4LL,Staple Hill Ward,UK
Yuette,Klapec,yuette.klapec@klapec.co.uk,DE6 1QN,Parwich,UK
Fernanda,Writer,fernanda@writer.co.uk,DA2 7PP,Wilmington,UK
Charlesetta,Erm,charlesetta_erm@gmail.com,S40 4LY,Loundsley Green Ward,UK
Corrinne,Jaret,corrinne_jaret@gmail.com,DG8 7DE,Dee Ward,UK
Niesha,Bruch,niesha.bruch@yahoo.com,EH52 5TL,"Broxburn, Uphall and Winchburg",UK
Rueben,Gastellum,rueben_gastellum@gastellum.co.uk,BS23 3HG,Weston-Super-Mare,UK
Michell,Throssell,mthrossell@throssell.co.uk,IP25 6JQ,Carbrooke,UK
Edgar,Kanne,edgar.kanne@yahoo.com,BH25 5DF,New Milton,UK
Dewitt,Julio,dewitt.julio@hotmail.com,EX39 5DJ,Parkham,UK
Charisse,Spinello,charisse_spinello@spinello.co.uk,S4 7WN,Darnall Ward,UK
Mee,Lapinski,mee.lapinski@yahoo.com,TQ3 1SA,Marldon,UK
Peter,Gutierres,peter_gutierres@yahoo.com,LL19 9EG,Prestatyn Community,UK
Octavio,Salvadore,octavio.salvadore@yahoo.com,DY5 2QP,Lye and Stourbridge North Ward,UK
Martha,Teplica,mteplica@teplica.co.uk,CR6 9SW,Warlingham,UK
Tamesha,Veigel,tveigel@veigel.co.uk,PO30 5AL,Newport,UK
Tess,Sitra,tess_sitra@hotmail.com,PO19 1RH,Chichester,UK
Leonard,Kufner,lkufner@kufner.co.uk,HS1 2PZ,Steornabhagh a Deas Ward,UK
Svetlana,Tauras,svetlana_tauras@tauras.co.uk,DN33 1AU,South Ward,UK
Pok,Molaison,pok@yahoo.com,TR7 1LS,Newquay,UK
Augustine,Growcock,augustine.growcock@growcock.co.uk,RG7 4RF,Brimpton,UK
Karma,Quarto,kquarto@gmail.com,B33 0NH,Shard End Ward,UK
Reed,Weisinger,reed_weisinger@yahoo.com,SG6 3LE,Letchworth South West Ward,UK
German,Zelaya,german@hotmail.com,HU8 9PZ,Longhill Ward,UK
Milly,Savidge,milly@gmail.com,DY11 9BW,Franche Ward,UK
Luis,Ear,luis@hotmail.com,SY11 4PH,Whittington,UK
Ciara,Cobbley,ciara_cobbley@hotmail.com,DL3 0JF,Cockerton West Ward,UK
Alethea,Mould,alethea@hotmail.com,BN12 6PR,Castle Ward,UK
Margurite,Loperfido,mloperfido@gmail.com,SN10 3DU,Devizes,UK
Vernice,Sperazza,vernice@yahoo.com,SL3 0PY,Colnbrook with Poyle,UK
Vicente,Rawicki,vicente_rawicki@hotmail.com,WS9 8UR,Aldridge Central and South War,UK
Craig,Cua,craig@hotmail.com,SW15 2RP,East Putney Ward,UK
Jenise,Dulle,jenise.dulle@hotmail.com,CB22 3BB,Sawston,UK
Marylin,Cornelison,marylin_cornelison@yahoo.com,WF1 1DR,Wakefield North Ward,UK
Marget,Gunst,mgunst@yahoo.com,TR9 6NJ,St. Enoder,UK
Annett,Bunselmeyer,abunselmeyer@hotmail.com,PO33 1HH,Ryde,UK
Kip,Turziano,kip.turziano@yahoo.com,SS15 6LE,Laindon Park Ward,UK
Melina,Orizabal,melina@gmail.com,SO41 1DL,Lymington and Pennington,UK
Tina,Clapham,tclapham@gmail.com,HP21 8PP,Aylesbury,UK
Luisa,Devereux,ldevereux@gmail.com,LS9 7JH,Burmantofts and Richmond Hill,UK
Pedro,Aschoff,paschoff@yahoo.com,SK13 8BB,Howard Town Ward,Howard Town Ward
Carrol,Kunimitsu,carrol_kunimitsu@yahoo.com,GU9 9AS,Farnham,UK
Alba,Mosseri,alba@gmail.com,NG9 1AE,Beeston West Ward,UK